dataset,config,seed,loss,rmse,nrmse,mae,mse,elapsed_s
esol,ecfp-xgb,2025,0.6390078663825989,0.7993796759879493,0.38592185895895037,0.6254745125770569,0.6390078663825989,3.8977620601654053
esol,ecfp-xgb,2026,0.627066969871521,0.7918756025232252,0.3822990673515809,0.6289405822753906,0.627066969871521,2.470327615737915
esol,ecfp-xgb,2027,0.6077516674995422,0.7795842914653567,0.37636510911498594,0.6145265698432922,0.6077516674995422,2.629537343978882
esol,ecfp-xgb,mean+/-std(n=3),0.624609+/-0.012878,0.790280+/-0.008160,0.381529+/-0.003939,0.622981+/-0.006143,0.624609+/-0.012878,9.0
esol,ecfp-mlp,2025,0.7618731260299683,0.872853439031988,0.4213932776982633,0.6429665684700012,0.7618731260299683,11.969930648803711
esol,ecfp-mlp,2026,0.6582496762275696,0.8113258754825767,0.3916892053838682,0.6189662218093872,0.6582496762275696,12.813855171203613
esol,ecfp-mlp,2027,0.6107465624809265,0.7815027591000089,0.3772913005333536,0.5902164578437805,0.6107465624809265,10.509078741073608
esol,ecfp-mlp,mean+/-std(n=3),0.676956+/-0.063099,0.821894+/-0.038035,0.396791+/-0.018362,0.617383+/-0.021564,0.676956+/-0.063099,35.3
esol,graph-only,2025,0.2941925014768328,1.1228616312915556,0.54209140051773,0.8893185257911682,1.2608182430267334,4.869312047958374
esol,graph-only,2026,0.32362685459000723,1.1776946964190815,0.568563525168984,0.9222643971443176,1.3869647979736328,3.4279913902282715
esol,graph-only,2027,0.27212948884282795,1.0799365649313935,0.52136817987145,0.8761454820632935,1.1662629842758179,4.341232061386108
esol,graph-only,mean+/-std(n=3),0.296650+/-0.021095,1.126831+/-0.040008,0.544008+/-0.019315,0.895909+/-0.019396,1.271349+/-0.090408,12.6
esol,lang-only-frozen,2025,0.25595553857939585,1.0473521269802313,0.505637173386073,0.823410153388977,1.0969464778900146,3.168311834335327
esol,lang-only-frozen,2026,0.27020776697567533,1.0761166539364277,0.5195240159572087,0.8555620908737183,1.1580270528793335,3.0726542472839355
esol,lang-only-frozen,2027,0.2664053269795009,1.0685181438742406,0.5158556325636813,0.8219054937362671,1.1417310237884521,3.4147510528564453
esol,lang-only-frozen,mean+/-std(n=3),0.264190+/-0.006026,1.063996+/-0.012171,0.513672+/-0.005876,0.833626+/-0.015523,1.132235+/-0.025824,9.7
esol,lang-only-unfrozen,2025,0.9469459227153233,2.0145267777129594,0.9725665316881156,1.6534126996994019,4.058318138122559,5.54856276512146
esol,lang-only-unfrozen,2026,0.5194215774536133,1.4920055817763,0.7203054881081566,1.2701510190963745,2.2260806560516357,6.444988489151001
esol,lang-only-unfrozen,2027,0.8716746994427272,1.9328032756267668,0.93311233139617,1.6044265031814575,3.7357285022735596,5.943123817443848
esol,lang-only-unfrozen,mean+/-std(n=3),0.779347+/-0.186346,1.813112+/-0.229495,0.875328+/-0.110795,1.509330+/-0.170303,3.340042+/-0.798623,17.9
esol,fusion-concat,2025,0.24095996362822397,1.0162085983833051,0.4906018043221637,0.8088427186012268,1.0326799154281616,5.774907112121582
esol,fusion-concat,2026,0.2398445733955928,1.0138539645016704,0.48946504201500957,0.7947674989700317,1.0278998613357544,5.795089960098267
esol,fusion-concat,2027,0.2180540987423488,0.9667019267612211,0.46670113819670545,0.769648551940918,0.9345126152038574,4.825579643249512
esol,fusion-concat,mean+/-std(n=3),0.232953+/-0.010545,0.998921+/-0.022803,0.482256+/-0.011009,0.791086+/-0.016211,0.998364+/-0.045192,16.4
esol,fusion-xattn,2025,0.1973488458565303,0.919660948338647,0.44399085122618537,0.7155066728591919,0.8457762598991394,5.800767660140991
esol,fusion-xattn,2026,0.24303012234824045,1.0205646407809101,0.49270479997027056,0.7975972294807434,1.041552186012268,6.049366235733032
esol,fusion-xattn,2027,0.2553195059299469,1.0460500171001128,0.5050085451126769,0.8080747723579407,1.0942206382751465,7.0528724193573
esol,fusion-xattn,mean+/-std(n=3),0.231899+/-0.024941,0.995425+/-0.054574,0.480568+/-0.026347,0.773726+/-0.041389,0.993850+/-0.106889,18.9
esol,fusion-moe,2025,0.19340420833655766,0.9104233705868852,0.43953116418969446,0.7192156910896301,0.8288707137107849,10.63403058052063
esol,fusion-moe,2026,0.2169351428747177,0.9642183694079929,0.4655021346451022,0.7651163935661316,0.9297170639038086,6.677296161651611
esol,fusion-moe,2027,0.23103143913405283,0.9950524665667386,0.4803881174293373,0.8191625475883484,0.9901294112205505,5.8116679191589355
esol,fusion-moe,mean+/-std(n=3),0.213790+/-0.015521,0.956565+/-0.034971,0.461807+/-0.016883,0.767832+/-0.040848,0.916239+/-0.066520,23.1
esol,ensemble,2025,0.8831847310066223,0.9397790862785904,0.4537034188905809,0.7227922677993774,0.8831847310066223,
esol,ensemble-avg,2025,0.7579991221427917,0.87063145023758,0.420320553344765,0.6842461228370667,0.7579991221427917,
esol,ensemble,2026,0.967542290687561,0.9836372759750217,0.4748771297149179,0.7632262110710144,0.967542290687561,
esol,ensemble-avg,2026,0.8446165323257446,0.9190302129558878,0.44368634689771996,0.7450637221336365,0.8446165323257446,
esol,ensemble,2027,1.1092032194137573,1.0531871720704526,0.5084541970307439,0.7748255729675293,1.1092032194137573,
esol,ensemble-avg,2027,0.8182647824287415,0.9045798927837947,0.4367100694279757,0.732144832611084,0.8182647824287415,
esol,ensemble-all,all,1.1596291065216064,1.0768607646866917,0.5198832552681885,0.7909761667251587,1.1596291065216064,
esol,ensemble,mean+/-std(n=3),0.986643+/-0.093255,0.992201+/-0.046693,0.479012+/-0.022542,0.753615+/-0.022303,0.986643+/-0.093255,0.0
esol,ensemble-avg,mean+/-std(n=3),0.806960+/-0.036254,0.898081+/-0.020286,0.433572+/-0.009794,0.720485+/-0.026162,0.806960+/-0.036254,0.0
esol,ensemble-all,mean+/-std(n=1),1.159629+/-0.000000,1.076861+/-0.000000,0.519883+/-0.000000,0.790976+/-0.000000,1.159629+/-0.000000,0.0
freesolv,ecfp-xgb,2025,5.453032970428467,2.335173006530451,0.6659351890210197,1.6031664609909058,5.453032970428467,1.2405650615692139
freesolv,ecfp-xgb,2026,5.999448776245117,2.4493772221209857,0.6985034851102577,1.6802546977996826,5.999448776245117,1.19907808303833
freesolv,ecfp-xgb,2027,5.912570953369141,2.431577873186286,0.6934275388038675,1.6518332958221436,5.912570953369141,1.5171256065368652
freesolv,ecfp-xgb,mean+/-std(n=3),5.788351+/-0.239744,2.405376+/-0.050170,0.685955+/-0.014307,1.645085+/-0.031831,5.788351+/-0.239744,4.0
freesolv,ecfp-mlp,2025,5.927527904510498,2.434651495493862,0.6943040619765194,1.7750506401062012,5.927527904510498,7.416456460952759
freesolv,ecfp-mlp,2026,6.19118070602417,2.4882083325204443,0.7095771840488132,1.714855432510376,6.19118070602417,6.80434775352478
freesolv,ecfp-mlp,2027,7.351172924041748,2.7113046534909624,0.7731988901322244,1.8273802995681763,7.351172924041748,4.899785041809082
freesolv,ecfp-mlp,mean+/-std(n=3),6.489961+/-0.618408,2.544721+/-0.119804,0.725693+/-0.034165,1.772429+/-0.045975,6.489961+/-0.618408,19.1
freesolv,graph-only,2025,1.4130964205815242,4.164370298192603,1.1875782710424407,2.558298349380493,17.34197998046875,1.8538038730621338
freesolv,graph-only,2026,0.9884112504812387,3.48282975628541,0.993219297068691,2.2294414043426514,12.13010311126709,1.3771398067474365
freesolv,graph-only,2027,1.4020214007450984,4.148018853566833,1.18291523222811,2.434692859649658,17.2060604095459,1.4950411319732666
freesolv,graph-only,mean+/-std(n=3),1.267843+/-0.197640,3.931740+/-0.317497,1.121238+/-0.090543,2.407478+/-0.135627,15.559381+/-2.425501,4.7
freesolv,lang-only-frozen,2025,0.8132043893520648,3.1590993879864353,0.9008991805710568,2.4693472385406494,9.97990894317627,1.576261043548584
freesolv,lang-only-frozen,2026,0.9086574150965764,3.339361858738312,0.9523057025708569,2.622631549835205,11.151337623596191,1.5556509494781494
freesolv,lang-only-frozen,2027,0.821933203477126,3.1760087160524164,0.9057213143274624,2.453524589538574,10.087031364440918,1.8647453784942627
freesolv,lang-only-frozen,mean+/-std(n=3),0.847932+/-0.043087,3.224823+/-0.081285,0.919642+/-0.023180,2.515168+/-0.076262,10.406093+/-0.528779,5.0
freesolv,lang-only-unfrozen,2025,0.6464743467477652,2.8166899095136833,0.8032522310167145,2.2606098651885986,7.933742046356201,9.986403226852417
freesolv,lang-only-unfrozen,2026,0.5026164864118282,2.4836006157256074,0.7082631740178031,1.900431513786316,6.168272018432617,10.028269052505493
freesolv,lang-only-unfrozen,2027,0.5725076556205749,2.6506601195200163,0.7559045273248034,2.0466997623443604,7.025999069213867,9.24530291557312
freesolv,lang-only-unfrozen,mean+/-std(n=3),0.573866+/-0.058738,2.650317+/-0.135983,0.755807+/-0.038779,2.069247+/-0.147904,7.042671+/-0.720847,29.3
freesolv,fusion-concat,2025,0.36173054323746606,2.106958658327883,0.6008539446410204,1.5868971347808838,4.439274787902832,3.8714399337768555
freesolv,fusion-concat,2026,0.35825384557247164,2.096808860861384,0.5979594664693921,1.5654730796813965,4.396607398986816,4.3148627281188965
freesolv,fusion-concat,2027,0.4665202865233788,2.392757486899431,0.6823568981243506,1.8042067289352417,5.725288391113281,3.8611772060394287
freesolv,fusion-concat,mean+/-std(n=3),0.395502+/-0.050238,2.198842+/-0.137182,0.627057+/-0.039121,1.652192+/-0.107846,4.853724+/-0.616536,12.0
freesolv,fusion-xattn,2025,0.45723041341854975,2.3688141424105393,0.6755288320267147,1.8948183059692383,5.61128044128418,3.2877402305603027
freesolv,fusion-xattn,2026,0.5197654779140766,2.525614929858822,0.720244646116721,2.1057567596435547,6.378730773925781,3.9850289821624756
freesolv,fusion-xattn,2027,0.47977579556978667,2.4265127752924003,0.6919830946817653,1.9060466289520264,5.887964248657227,2.9692914485931396
freesolv,fusion-xattn,mean+/-std(n=3),0.485591+/-0.025859,2.440314+/-0.064753,0.695919+/-0.018466,1.968874+/-0.096899,5.959325+/-0.317348,10.2
freesolv,fusion-moe,2025,0.3779348978629479,2.1536339633034873,0.6141646192482628,1.691545844078064,4.638139247894287,4.138350248336792
freesolv,fusion-moe,2026,0.5361586009080593,2.5651339508238054,0.7315145206068099,1.883468508720398,6.579912185668945,2.6786911487579346
freesolv,fusion-moe,2027,0.4273635444732813,2.290140568612575,0.653093020593647,1.7109553813934326,5.244743824005127,3.99276065826416
freesolv,fusion-moe,mean+/-std(n=3),0.447152+/-0.066093,2.336303+/-0.171136,0.666257+/-0.048804,1.761990+/-0.086263,5.487598+/-0.811112,10.8
freesolv,ensemble,2025,11.062089920043945,3.3259720263471766,0.9484872443498111,2.3603880405426025,11.062089920043945,
freesolv,ensemble-avg,2025,4.342367172241211,2.08383472766945,0.5942595556639004,1.5825579166412354,4.342367172241211,
freesolv,ensemble,2026,7.007285118103027,2.6471277109544653,0.7548971693435228,2.0292797088623047,7.007285118103027,
freesolv,ensemble-avg,2026,4.809677600860596,2.193097718037342,0.6254187331381863,1.6916213035583496,4.809677600860596,
freesolv,ensemble,2027,7.236846446990967,2.690138741215956,0.767162880914817,1.9903898239135742,7.236846446990967,
freesolv,ensemble-avg,2027,4.8946757316589355,2.2123914056194796,0.6309208288934011,1.6317940950393677,4.8946757316589355,
freesolv,ensemble-all,all,6.402514457702637,2.530319042670832,0.7215861459738543,1.9662905931472778,6.402514457702637,
freesolv,ensemble,mean+/-std(n=3),8.435407+/-1.859708,2.887746+/-0.310370,0.823516+/-0.088510,2.126686+/-0.166013,8.435407+/-1.859708,0.0
freesolv,ensemble-avg,mean+/-std(n=3),4.682240+/-0.242819,2.163108+/-0.056605,0.616866+/-0.016142,1.635324+/-0.044595,4.682240+/-0.242819,0.0
freesolv,ensemble-all,mean+/-std(n=1),6.402514+/-0.000000,2.530319+/-0.000000,0.721586+/-0.000000,1.966291+/-0.000000,6.402514+/-0.000000,0.0
lipo,ecfp-xgb,2025,0.5787121653556824,0.7607313358575959,0.6304389892247758,0.5574115514755249,0.5787121653556824,19.915589094161987
lipo,ecfp-xgb,2026,0.5715135931968689,0.7559851805405109,0.6265057197250599,0.5617274045944214,0.5715135931968689,18.292340517044067
lipo,ecfp-xgb,2027,0.5766561031341553,0.7593787613135854,0.6293180734846403,0.5566538572311401,0.5766561031341553,18.281685829162598
lipo,ecfp-xgb,mean+/-std(n=3),0.575627+/-0.003028,0.758698+/-0.001996,0.628754+/-0.001655,0.558598+/-0.002235,0.575627+/-0.003028,56.5
lipo,ecfp-mlp,2025,0.6207327842712402,0.7878659684687747,0.6529262058675506,0.5690359473228455,0.6207327842712402,94.45682048797607
lipo,ecfp-mlp,2026,0.6076160073280334,0.7794972785892414,0.645990842303434,0.5685634613037109,0.6076160073280334,45.94187021255493
lipo,ecfp-mlp,2027,0.5766211748123169,0.759355763007246,0.6292990141553882,0.5600478649139404,0.5766211748123169,68.73855376243591
lipo,ecfp-mlp,mean+/-std(n=3),0.601657+/-0.018495,0.775573+/-0.011965,0.642739+/-0.009916,0.565882+/-0.004130,0.601657+/-0.018495,209.1
lipo,graph-only,2025,0.36634415530023123,0.7302444440009332,0.6051736631092793,0.5512884855270386,0.5332569479942322,31.052831172943115
lipo,graph-only,2026,0.37329760094483694,0.7371420977858923,0.6108899385868891,0.5429214239120483,0.543378472328186,31.793867349624634
lipo,graph-only,2027,0.3837830804643177,0.7474230762438941,0.6194100683117906,0.553996741771698,0.558641254901886,33.407562255859375
lipo,graph-only,mean+/-std(n=3),0.374475+/-0.007168,0.738270+/-0.007058,0.611825+/-0.005849,0.549402+/-0.004714,0.545092+/-0.010434,96.3
lipo,lang-only-frozen,2025,0.6374605167479742,0.9632748964816386,0.7982924108139604,0.7581163644790649,0.9278985261917114,12.912771463394165
lipo,lang-only-frozen,2026,0.6627301823525201,0.9821820127435248,0.8139612582814587,0.7625268697738647,0.9646815061569214,11.910602807998657
lipo,lang-only-frozen,2027,0.6727346692766462,0.9895677297600095,0.8200820051878862,0.7680121064186096,0.9792442917823792,16.876877069473267
lipo,lang-only-frozen,mean+/-std(n=3),0.657642+/-0.014843,0.978342+/-0.011072,0.810779+/-0.009176,0.762885+/-0.004048,0.957275+/-0.021606,41.7
lipo,lang-only-unfrozen,2025,0.5544727285703023,0.8983875426625295,0.7445184753560853,0.6741063594818115,0.8071001768112183,86.06419467926025
lipo,lang-only-unfrozen,2026,1.1688822678157262,1.3043946719913875,1.080987754544622,1.0416584014892578,1.701445460319519,19.99350357055664
lipo,lang-only-unfrozen,2027,0.6115424718175616,0.943489176347971,0.7818954401435045,0.7103244066238403,0.8901718258857727,86.31694483757019
lipo,lang-only-unfrozen,mean+/-std(n=3),0.778299+/-0.277165,1.048757+/-0.181698,0.869134+/-0.150578,0.808696+/-0.165391,1.132906+/-0.403446,192.4
lipo,fusion-concat,2025,0.3886157206126622,0.7521141771524007,0.6232977127083189,0.557712733745575,0.5656757354736328,48.610952615737915
lipo,fusion-concat,2026,0.377419686175528,0.741200805112316,0.6142535010219046,0.5561712980270386,0.5493786334991455,62.62301516532898
lipo,fusion-concat,2027,0.39054204864161357,0.7539759786508097,0.6248406388367279,0.557831883430481,0.5684797763824463,68.05284690856934
lipo,fusion-concat,mean+/-std(n=3),0.385526+/-0.005786,0.749097+/-0.005635,0.620797+/-0.004670,0.557239+/-0.000756,0.561178+/-0.008422,179.3
lipo,fusion-xattn,2025,0.6508893180461157,0.9733682500659816,0.8066570506436422,0.7386594414710999,0.9474457502365112,25.410712242126465
lipo,fusion-xattn,2026,0.599630263873509,0.9342548790718297,0.774242723912999,0.6917281150817871,0.872832179069519,28.995309591293335
lipo,fusion-xattn,2027,0.6055617114617711,0.9388642874685422,0.7780626674772688,0.714311957359314,0.8814661502838135,33.517504930496216
lipo,fusion-xattn,mean+/-std(n=3),0.618694+/-0.022894,0.948829+/-0.017454,0.786321+/-0.014464,0.714900+/-0.019164,0.900581+/-0.033325,87.9
lipo,fusion-moe,2025,0.37507052889892034,0.7388905024650311,0.6123388896511035,0.5468772053718567,0.5459591746330261,64.46586275100708
lipo,fusion-moe,2026,0.39114401312101454,0.754556800155326,0.6253219815985775,0.5636075735092163,0.5693559646606445,64.7717559337616
lipo,fusion-moe,2027,0.3977698898031598,0.760921001842954,0.6305961706454212,0.5644145607948303,0.5790007710456848,58.2666699886322
lipo,fusion-moe,mean+/-std(n=3),0.387995+/-0.009531,0.751456+/-0.009257,0.622752+/-0.007672,0.558300+/-0.008084,0.564772+/-0.013873,187.5
lipo,ensemble,2025,0.546566903591156,0.739301632347147,0.6126796042964769,0.5484423041343689,0.546566903591156,
lipo,ensemble-avg,2025,0.5712543725967407,0.7558137155389155,0.6263636219604511,0.5502071976661682,0.5712543725967407,
lipo,ensemble,2026,0.540694534778595,0.7353193420403104,0.6093793707481752,0.5477687120437622,0.540694534778595,
lipo,ensemble-avg,2026,0.555791974067688,0.7455145699902102,0.6178284366676238,0.5481315851211548,0.555791974067688,
lipo,ensemble,2027,0.5416181087493896,0.7359470828458997,0.6098995968257888,0.5436609983444214,0.5416181087493896,
lipo,ensemble-avg,2027,0.5626423954963684,0.7500949243238274,0.6216243023303963,0.550193727016449,0.5626423954963684,
lipo,ensemble-all,all,0.5883257985115051,0.7670239882242961,0.6356538833807174,0.5811726450920105,0.5883257985115051,
lipo,ensemble,mean+/-std(n=3),0.542960+/-0.002578,0.736856+/-0.001748,0.610653+/-0.001449,0.546624+/-0.002113,0.542960+/-0.002578,0.0
lipo,ensemble-avg,mean+/-std(n=3),0.563230+/-0.006326,0.750474+/-0.004213,0.621939+/-0.003492,0.549511+/-0.000975,0.563230+/-0.006326,0.0
lipo,ensemble-all,mean+/-std(n=1),0.588326+/-0.000000,0.767024+/-0.000000,0.635654+/-0.000000,0.581173+/-0.000000,0.588326+/-0.000000,0.0
