dataset,config,seed,loss,rmse,nrmse,mae,mse,elapsed_s
esol,graph-only,2025,0.39709021085131485,1.3024155714234764,0.09881756672889047,1.0080777406692505,1.6962863206863403,15.037596702575684
esol,graph-only,2026,0.4771377184485967,1.4276667421032012,0.10832069014670087,1.003523349761963,2.0382323265075684,15.177769422531128
esol,graph-only,2027,0.48236798448900203,1.435470392174953,0.1089127728341425,1.152771234512329,2.060575246810913,9.65703272819519
esol,graph-only,mean+/-std(n=3),0.452199+/-0.039026,1.388518+/-0.060967,0.105350+/-0.004626,1.054791+/-0.069308,1.931698+/-0.166711,39.9
esol,lang-only-frozen,2025,0.35354903366713397,1.2289375102340898,0.09324260020207302,0.9342446327209473,1.5102874040603638,21.914613723754883
esol,lang-only-frozen,2026,0.42642402385188416,1.3496644910055424,0.10240246187765299,0.9407697916030884,1.82159423828125,10.30472469329834
esol,lang-only-frozen,2027,0.41699707771824523,1.3346625596674617,0.10126422736664913,0.9463735222816467,1.7813241481781006,24.08025860786438
esol,lang-only-frozen,mean+/-std(n=3),0.398990+/-0.032361,1.304422+/-0.053725,0.098970+/-0.004076,0.940463+/-0.004956,1.704402+/-0.138241,56.3
esol,lang-only-unfrozen,2025,0.6136554018058608,1.6190762018103646,0.12284341044593741,1.3807995319366455,2.6214077472686768,20.892767429351807
esol,lang-only-unfrozen,2026,0.49758447891315527,1.457935860372954,0.11061728478214186,1.1991760730743408,2.125576972961426,22.994625091552734
esol,lang-only-unfrozen,2027,0.8506532068801137,1.9062561910560005,0.14463248328346995,1.6056499481201172,3.633812665939331,21.06334090232849
esol,lang-only-unfrozen,mean+/-std(n=3),0.653964+/-0.146931,1.661089+/-0.185421,0.126031+/-0.014068,1.395209+/-0.166255,2.793599+/-0.627658,65.0
esol,graph+lang,2025,0.421761758559573,1.3422660618128508,0.10184112432420318,0.9601846933364868,1.80167818069458,25.789191961288452
esol,graph+lang,2026,0.3415551897698799,1.2079123827062308,0.09164737054722724,0.8669548630714417,1.459052324295044,24.86759662628174
esol,graph+lang,2027,0.4196903710871671,1.3389657928194114,0.10159072456038122,0.9360602498054504,1.7928293943405151,39.85949659347534
esol,graph+lang,mean+/-std(n=3),0.394336+/-0.037331,1.296381+/-0.062572,0.098360+/-0.004747,0.921067+/-0.039510,1.684520+/-0.159471,90.5
esol,graph+lang+pretrain,2025,0.2732942845441599,1.0804887925590168,0.08197942016450491,0.8074011206626892,1.167456030845642,21.574220180511475
esol,graph+lang+pretrain,2026,0.2656929305037566,1.0653565658806,0.08083129981616108,0.812064528465271,1.1349846124649048,24.10520100593567
esol,graph+lang+pretrain,2027,0.27676158695094355,1.0873212711309144,0.0824978176115381,0.8230592608451843,1.1822675466537476,30.57682776451111
esol,graph+lang+pretrain,mean+/-std(n=3),0.271916+/-0.004623,1.077722+/-0.009178,0.081770+/-0.000696,0.814175+/-0.006564,1.161569+/-0.019747,76.3
esol,ecfp4-mlp,2025,0.6965856979378556,1.7250125193487118,0.13088106705650537,1.34394109249115,2.97566819190979,6.516635894775391
esol,ecfp4-mlp,2026,0.646573645878682,1.6619348669728116,0.12609520587707804,1.290798544883728,2.7620275020599365,6.021278142929077
esol,ecfp4-mlp,2027,0.6274505257606506,1.6371736827426742,0.12421651214165712,1.2570881843566895,2.68033766746521,5.859898090362549
esol,ecfp4-mlp,mean+/-std(n=3),0.656870+/-0.029148,1.674707+/-0.036980,0.127064+/-0.002806,1.297276+/-0.035752,2.806011+/-0.124515,18.4
freesolv,graph-only,2025,0.4096560273319483,2.366010719610391,0.08272764919396963,1.1456501483917236,5.598006725311279,20.885791063308716
freesolv,graph-only,2026,0.5363348610699177,2.707229673041058,0.09465838207010555,1.3324198722839355,7.329092502593994,19.379467487335205
freesolv,graph-only,2027,0.27957204915583134,1.9545821590687056,0.0683420349012004,1.032528042793274,3.8203914165496826,19.59839153289795
freesolv,graph-only,mean+/-std(n=3),0.408521+/-0.104826,2.342608+/-0.307712,0.081909+/-0.010759,1.170199+/-0.123655,5.582497+/-1.432463,59.9
freesolv,lang-only-frozen,2025,0.12446003034710884,1.3041334060636425,0.045599071054393016,0.9565287828445435,1.7007639408111572,17.902547359466553
freesolv,lang-only-frozen,2026,0.13736022263765335,1.3700534971609715,0.04790396939062387,0.9703840017318726,1.8770465850830078,19.45590305328369
freesolv,lang-only-frozen,2027,0.12690361589193344,1.3168734844762104,0.046044528350458074,0.9608495831489563,1.7341557741165161,20.979547023773193
freesolv,lang-only-frozen,mean+/-std(n=3),0.129575+/-0.005595,1.330353+/-0.028550,0.046516+/-0.000998,0.962587+/-0.005788,1.770655+/-0.076455,58.3
freesolv,lang-only-unfrozen,2025,0.9585177600383759,3.619154590923539,0.12654386934729098,2.5384087562561035,13.09827995300293,14.777069091796875
freesolv,lang-only-unfrozen,2026,0.8497802913188934,3.40769242009969,0.11915008700272436,2.580739736557007,11.612367630004883,15.647696495056152
freesolv,lang-only-unfrozen,2027,1.0041183531284332,3.704243293945108,0.12951899888309348,2.767540454864502,13.721418380737305,14.887297868728638
freesolv,lang-only-unfrozen,mean+/-std(n=3),0.937472+/-0.064742,3.577030+/-0.124677,0.125071+/-0.004359,2.628896+/-0.099548,12.810689+/-0.884705,45.3
freesolv,graph+lang,2025,0.12254663556814194,1.2940698182286683,0.04524719734682945,0.8702147603034973,1.6746166944503784,25.29483699798584
freesolv,graph+lang,2026,0.12291961163282394,1.2960376564106506,0.045316002879044595,0.870062530040741,1.6797136068344116,20.62042999267578
freesolv,graph+lang,2027,0.11833437532186508,1.2716350788394626,0.044462765883960184,0.8691583871841431,1.6170557737350464,24.704158067703247
freesolv,graph+lang,mean+/-std(n=3),0.121267+/-0.002079,1.287248+/-0.011069,0.045009+/-0.000387,0.869812+/-0.000466,1.657129+/-0.028412,70.6
freesolv,graph+lang+pretrain,2025,0.160054262727499,1.4789063757459584,0.051710014172540765,0.883316695690155,2.187164068222046,18.837008476257324
freesolv,graph+lang+pretrain,2026,0.1404721364378929,1.385485979607416,0.04844356668975689,0.7506581544876099,1.9195713996887207,18.20794367790222
freesolv,graph+lang+pretrain,2027,0.17041946575045586,1.5260425693478914,0.05335813286292517,0.8186565041542053,2.328805923461914,18.71142816543579
freesolv,graph+lang+pretrain,mean+/-std(n=3),0.156982+/-0.012417,1.463478+/-0.058410,0.051171+/-0.002042,0.817544+/-0.054163,2.145180+/-0.169686,55.8
freesolv,ecfp4-mlp,2025,0.5261495411396027,2.6814006523010323,0.09375526943874922,1.1953321695327759,7.1899094581604,4.219599962234497
freesolv,ecfp4-mlp,2026,0.5277526527643204,2.6854823323210026,0.09389798552621892,1.2117693424224854,7.211815357208252,7.4238505363464355
freesolv,ecfp4-mlp,2027,0.529615044593811,2.690216199986023,0.09406350537795777,1.2109994888305664,7.237263202667236,4.891993761062622
freesolv,ecfp4-mlp,mean+/-std(n=3),0.527839+/-0.001416,2.685700+/-0.003602,0.093906+/-0.000126,1.206034+/-0.007574,7.212996+/-0.019350,16.5
lipo,graph-only,2025,0.40022993371600196,0.7661191941295085,0.1276865323549181,0.5910758972167969,0.5869386196136475,126.25102090835571
lipo,graph-only,2026,0.4019734135695866,0.7677860900410852,0.12796434834018086,0.5901134610176086,0.5894954800605774,127.00166010856628
lipo,graph-only,2027,0.42377687919707524,0.7883338963571787,0.13138898272619645,0.58585125207901,0.6214703321456909,107.84386038780212
lipo,graph-only,mean+/-std(n=3),0.408660+/-0.010713,0.774080+/-0.010102,0.129013+/-0.001684,0.589014+/-0.002270,0.599301+/-0.015710,361.1
lipo,lang-only-frozen,2025,0.554784031141372,0.9019937207919035,0.1503322867986506,0.7101305723190308,0.8135926723480225,67.12842607498169
lipo,lang-only-frozen,2026,0.5525586094175067,0.9001828696644256,0.15003047827740426,0.703481137752533,0.8103291988372803,89.43858742713928
lipo,lang-only-frozen,2027,0.5499231857912881,0.8980335488477642,0.14967225814129403,0.6998999714851379,0.8064642548561096,60.78573942184448
lipo,lang-only-frozen,mean+/-std(n=3),0.552422+/-0.001987,0.900070+/-0.001619,0.150012+/-0.000270,0.704504+/-0.004239,0.810129+/-0.002914,217.4
lipo,lang-only-unfrozen,2025,0.8522408644358317,1.117950925544981,0.18632515425749685,0.89927738904953,1.2498142719268799,58.67753338813782
lipo,lang-only-unfrozen,2026,0.9220856138638087,1.1628593012621349,0.19380988354368914,0.9342379570007324,1.3522417545318604,55.971134662628174
lipo,lang-only-unfrozen,2027,0.6818996230761211,1.0000041127120323,0.16666735211867204,0.791231632232666,1.000008225440979,61.871339321136475
lipo,lang-only-unfrozen,mean+/-std(n=3),0.818742+/-0.100876,1.093605+/-0.068678,0.182267+/-0.011446,0.874916+/-0.060870,1.200688+/-0.147935,176.5
lipo,graph+lang,2025,0.606677774588267,0.9432365384894205,0.15720608974823674,0.7472673654556274,0.8896951675415039,70.25288152694702
lipo,graph+lang,2026,0.5643840240580695,0.9097643487380016,0.1516273914563336,0.6969330310821533,0.8276711702346802,119.98897218704224
lipo,graph+lang,2027,0.5853696987742469,0.9265240292981682,0.15442067154969472,0.7141169905662537,0.8584467768669128,165.1019525527954
lipo,graph+lang,mean+/-std(n=3),0.585477+/-0.017267,0.926508+/-0.013665,0.154418+/-0.002277,0.719439+/-0.020891,0.858604+/-0.025321,355.3
lipo,graph+lang+pretrain,2025,0.445400694722221,0.80819659223539,0.13469943203923165,0.6032767295837402,0.6531817317008972,118.87860202789307
lipo,graph+lang+pretrain,2026,0.4296191936447507,0.7937493827396906,0.13229156378994844,0.6026564240455627,0.6300380825996399,133.02822518348694
lipo,graph+lang+pretrain,2027,0.44921970878328593,0.8116540539745258,0.13527567566242096,0.6088128089904785,0.6587823033332825,155.0777087211609
lipo,graph+lang+pretrain,mean+/-std(n=3),0.441413+/-0.008484,0.804533+/-0.007755,0.134089+/-0.001292,0.604915+/-0.002768,0.647334+/-0.012442,407.0
lipo,ecfp4-mlp,2025,0.48447438733918324,0.8429017571529058,0.14048362619215096,0.64445561170578,0.7104833722114563,22.765217065811157
lipo,ecfp4-mlp,2026,0.47324457395644415,0.8330755709317371,0.13884592848862284,0.6393535733222961,0.6940149068832397,25.95821213722229
lipo,ecfp4-mlp,2027,0.47987057197661626,0.8388873309913244,0.13981455516522073,0.6396623849868774,0.7037319540977478,48.73389267921448
lipo,ecfp4-mlp,mean+/-std(n=3),0.479197+/-0.004609,0.838288+/-0.004034,0.139715+/-0.000672,0.641157+/-0.002336,0.702743+/-0.006759,97.5
